{
  "round": 1,
  "rougeL": 0.1820940677444588,
  "bert": 0.5660203695297241
}{
  "round": 1,
  "rougeL": 0.1857687294203253,
  "bert": 0.5625453591346741
}{
  "round": 2,
  "rougeL": 0.20543564421011248,
  "bert": 0.5806558132171631
}{
  "round": 3,
  "rougeL": 0.21752670432755752,
  "bert": 0.5987699627876282
}{
  "round": 4,
  "rougeL": 0.19713153559140278,
  "bert": 0.5864167809486389
}{
  "round": 5,
  "rougeL": 0.20197639721370936,
  "bert": 0.5937054753303528
}{
  "round": 1,
  "rougeL": 0.2075122896989055,
  "bert": 0.5875922441482544
}{
  "round": 2,
  "rougeL": 0.20850491295115858,
  "bert": 0.597747802734375
}{
  "round": 3,
  "rougeL": 0.216480178780022,
  "bert": 0.6036493182182312
}{
  "round": 4,
  "rougeL": 0.225792442456495,
  "bert": 0.6119850277900696
}{
  "round": 5,
  "rougeL": 0.2199562041384387,
  "bert": 0.6048704385757446
}{
  "round": 6,
  "rougeL": 0.2248424236893028,
  "bert": 0.6088542342185974
}{
  "round": 7,
  "rougeL": 0.21748743080348498,
  "bert": 0.6061997413635254
}{
  "round": 8,
  "rougeL": 0.21596267842462613,
  "bert": 0.6149567365646362
}{
  "round": 9,
  "rougeL": 0.22200489217708252,
  "bert": 0.6150608062744141
}{
  "round": 10,
  "rougeL": 0.22844093855646125,
  "bert": 0.6129221320152283
}{
  "round": 11,
  "rougeL": 0.22464622149979568,
  "bert": 0.6157485246658325
}{
  "round": 12,
  "rougeL": 0.22158960299755578,
  "bert": 0.6116276383399963
}{
  "round": 13,
  "rougeL": 0.2261419744382091,
  "bert": 0.6146112680435181
}{
  "round": 14,
  "rougeL": 0.2280098701971793,
  "bert": 0.6134158372879028
}{
  "round": 15,
  "rougeL": 0.222783084889062,
  "bert": 0.6111148595809937
}{
  "round": 16,
  "rougeL": 0.22791108761683254,
  "bert": 0.6175040006637573
}{
  "round": 17,
  "rougeL": 0.23287051330468878,
  "bert": 0.6184018850326538
}{
  "round": 18,
  "rougeL": 0.22814789049664855,
  "bert": 0.6173189878463745
}{
  "round": 19,
  "rougeL": 0.22488635161082005,
  "bert": 0.6198511123657227
}{
  "round": 20,
  "rougeL": 0.22077745947535948,
  "bert": 0.6137878894805908
}{
  "round": 21,
  "rougeL": 0.21904561029910857,
  "bert": 0.6160875558853149
}{
  "round": 22,
  "rougeL": 0.22163573682847215,
  "bert": 0.6139042377471924
}{
  "round": 23,
  "rougeL": 0.230274353823199,
  "bert": 0.620469331741333
}{
  "round": 24,
  "rougeL": 0.22805907604315975,
  "bert": 0.6201582551002502
}{
  "round": 25,
  "rougeL": 0.23541466220362922,
  "bert": 0.6223045587539673
}